timestamp,uuid,prediction,correct,actual,clarity
2022-06-17T19:35:38.682205,e055b161-aaff-4f3a-8aba-140314f8388d,3,True,3,N/A
2022-06-17T19:35:45.748119,67265a76-ca83-47d9-bbb3-7632e529a816,4,True,4,N/A
2022-06-17T19:35:51.513824,19d935a8-1ff2-44bd-9606-f956cb76e32f,3,True,3,N/A
2022-06-17T19:35:58.732274,11c5e8f3-7f1c-4469-af9e-b9bd670ff699,1,True,1,N/A
2022-06-17T19:36:06.416556,e8683e68-6fc5-4e02-946b-704a1d705ef6,8,True,8,N/A
2022-06-17T19:36:13.025438,97e9dd19-0278-4b94-b042-c1986499a306,9,True,9,N/A
2022-06-17T19:36:28.870322,19faa287-25f8-40f4-a583-571d17414830,4,False,6,A. It is clearly the digit 6 and it completely fills the box
2022-06-17T19:36:49.424354,3a8ebe46-5b2c-4847-8f97-c2e31cba8088,3,True,3,N/A
2022-06-17T19:36:57.277885,89a60f78-81f7-4c70-8ac3-ef5054baec49,2,True,2,N/A
2022-06-17T19:37:10.503499,98296623-dda8-4030-b183-25b4d0e5b046,4,False,6,A. It is clearly the digit 6 and it completely fills the box
2022-06-17T19:37:18.611733,6c96fabc-44c4-481e-9c48-cb3c9d641a1c,6,True,6,N/A
2022-06-17T19:37:30.359568,f169a297-9c5e-4a81-a4b8-993b3a6c08ee,7,True,7,N/A
2022-06-17T19:37:42.716022,015b1511-ff96-4108-a506-9fcb20af887c,5,True,5,N/A
2022-06-17T19:37:50.300159,509a3572-8aef-4cb9-9ad2-c0bec25c60b0,5,True,5,N/A
2022-06-17T19:38:33.291135,a4e5babf-2098-4b90-9e50-3a3af455c023,4,True,4,N/A
2022-06-17T19:38:41.341367,a2ac2ebd-d75a-4b48-af95-fbdb9305235d,1,True,1,N/A
2022-06-17T19:38:47.779881,67eab550-3493-4158-bb84-25b62503c5b9,0,True,0,N/A
2022-06-17T19:39:00.666904,44b4b854-2247-4611-ae7b-63b61ee94950,7,True,7,N/A
2022-06-17T19:39:12.019736,c557d18c-cbf0-4eb9-926c-e48176fe8db0,8,True,8,N/A
2022-06-17T19:39:18.798293,1bbc531a-897e-4cc9-8845-998bfe2d0e0d,8,True,8,N/A
2022-06-17T19:39:26.590567,32e84ac6-5c9d-4f23-85dc-0ef704f2ebd9,8,True,8,N/A
2022-06-17T19:39:42.235419,420e8d7b-51f6-4469-81b2-27f748e12bb6,3,False,5,A. It is clearly the digit 5 and it completely fills the box
2022-06-17T20:32:01.139113,7362cbbc-eecc-4601-a811-2530dad1fb43,4,True,4,N/A
2022-06-17T20:39:07.420364,6c27acef-a272-4588-9e9d-f265cef4b67c,8,True,8,N/A
2022-06-17T20:39:18.910389,08c1e376-7d2a-459f-8a17-4c371bae3836,7,True,7,N/A
2022-06-17T20:39:28.790995,df6207a5-e9a5-4b49-8b4b-8e25ce1f618c,2,True,2,N/A
2022-06-17T20:40:03.108494,e63f1af7-1a7e-4c3a-9d8d-7a771443bb9b,7,False,3,B. It is clearly the digit 3 but it does not completely fill the box
2022-06-17T21:17:20.393534,fff139f2-b3c7-4085-a282-d28139e46267,2,True,2,N/A
2022-06-17T21:17:35.585879,a6a14cb6-0565-4424-9a4f-07e724484dd8,1,True,1,N/A
2022-06-17T21:17:44.961412,ab447800-cf35-462c-9160-7d3097da23bf,7,True,7,N/A
2022-06-17T21:18:00.609193,6bce99a5-289a-47bf-8d06-edd33df45d93,8,True,8,N/A
2022-06-18T00:33:02.220499,b8925f25-de0e-4bec-9b2d-aeb6126620d1,7,False,0,C. It is not clearly the digit 0
2022-06-18T01:41:36.602923,7d994cf1-b118-49f4-bf92-89a0a2124858,3,False,1,A. It is clearly the digit 1 and it completely fills the box
2022-06-18T01:41:50.449035,c64ef5a2-cdd8-4a0a-a8ea-4648fdf94b78,4,True,4,N/A
2022-06-18T01:41:58.395559,634fe039-698e-4162-9525-a1218c487c6b,9,True,9,N/A
2022-06-18T03:28:48.478008,12c95cfa-a575-45ef-acb0-8d0582c662b3,5,True,5,N/A
2022-06-18T03:28:55.999479,7b991977-d0a0-4115-87d5-4da57f2565bc,5,True,5,N/A
2022-06-18T03:29:04.465837,e2cb98e6-3619-4df9-a9c0-37eca26ee0b3,7,True,7,N/A
2022-06-18T03:29:16.654986,7768aab8-014a-48d4-a0fe-957bbfa02d4f,8,True,8,N/A
2022-06-18T03:29:25.972078,a19350fc-9124-4eca-8a1b-c16f5066345f,2,True,2,N/A
2022-06-18T05:37:02.435886,30cbf69b-f1e7-4693-8781-8ac1dd69ce12,6,True,6,N/A
2022-06-18T05:37:11.891108,c9900918-26e7-4035-b6c6-050148d2bf53,2,True,2,N/A
2022-06-18T05:37:22.559718,465e579d-cbe4-4711-960d-c34bd1c759d8,5,True,5,N/A
2022-06-18T05:37:35.291668,5d16a1a4-213b-4e03-9410-e2241dfc1372,1,True,1,N/A
2022-06-19T20:34:30.429235,23ae2364-9398-4999-b999-5e241b3876e2,3,True,3,N/A
2022-06-19T20:34:38.379323,660648da-198e-4b95-be05-c6a9ede89b1b,1,True,1,N/A
2022-06-19T20:34:53.887074,587f8a19-4898-4cc4-b434-01804d61e9eb,2,True,2,N/A
2022-06-19T20:35:04.330421,002936a9-1c60-4753-a34f-6b3df6ffdf10,3,True,3,N/A
2022-06-19T20:35:12.237849,6ea9b2e9-3f13-4026-8171-f682bfc9922d,4,True,4,N/A
2022-06-19T20:35:17.249705,1fbc7337-4506-44a4-903f-01a12f6b672f,5,True,5,N/A
2022-06-19T20:35:34.098733,3c68858b-fe1f-4a27-ad33-ef13a45505bc,4,False,6,A. It is clearly the digit 6 and it completely fills the box
2022-06-19T20:35:43.152410,673832e7-5cf8-447e-a696-e9f8cfbda9c8,6,True,6,N/A
2022-06-19T20:38:08.539914,407089e8-2451-4823-87d6-3ac42f5b0ec1,8,True,8,N/A
2022-06-19T20:48:43.145596,09b24951-514d-4ebd-bf19-89f35e70c45e,1,True,1,N/A
2022-06-19T20:48:48.548914,de566161-d123-4616-bf1b-ebe1fef22eae,1,True,1,N/A
2022-06-19T20:52:00.394222,c7fceaac-9e5e-4184-b59a-e68a8f4d581e,3,True,3,N/A
2022-06-19T20:52:05.054221,8ff86845-c915-4db3-94ac-454099b010b9,2,True,2,N/A
2022-06-19T20:52:09.936089,cf2ab198-7b37-4f2b-9780-8d66257616c6,1,True,1,N/A
2022-06-19T20:52:36.236978,5606c225-5729-4233-9cc5-48ab4a946cb1,9,False,5,B. It is clearly the digit 5 but it does not completely fill the box
2022-06-19T20:52:45.441607,416dab7c-642c-4af3-b6f1-6ec198f0423a,2,True,2,N/A
2022-06-19T20:52:51.798479,90305960-9f01-47e0-a70d-4d1fb7742fb2,1,True,1,N/A
2022-06-19T20:52:57.537474,a66582db-623b-4bf3-a7fb-bd71cddc5e88,4,True,4,N/A
2022-06-19T20:53:09.926608,8d99cde0-40e2-44eb-a616-5ec61476a2ad,7,False,5,C. It is not clearly the digit 5
2022-06-19T20:58:15.119578,6f69643c-f6ee-470d-8708-cbcd2515754d,1,True,1,N/A
2022-06-19T21:09:03.618408,509f0398-e426-49b2-9c4f-6097ef83b6a7,2,True,2,N/A
